run_id,hero_class,monster,matchup,battles,hero_wins,hero_win_rate,avg_rounds,avg_gold
1,warrior,Goblin,warrior_vs_Goblin,30,30,1.0,2.966667,10.0
2,warrior,Goblin,warrior_vs_Goblin,30,30,1.0,2.8,10.0
3,warrior,Goblin,warrior_vs_Goblin,30,30,1.0,2.866667,10.0
4,warrior,Goblin,warrior_vs_Goblin,30,30,1.0,2.833333,10.0
5,warrior,Goblin,warrior_vs_Goblin,30,30,1.0,2.7,10.0
6,warrior,Orc,warrior_vs_Orc,30,30,1.0,5.733333,25.0
7,warrior,Orc,warrior_vs_Orc,30,30,1.0,5.766667,25.0
8,warrior,Orc,warrior_vs_Orc,30,30,1.0,5.733333,25.0
9,warrior,Orc,warrior_vs_Orc,30,30,1.0,5.733333,25.0
10,warrior,Orc,warrior_vs_Orc,30,30,1.0,5.733333,25.0
11,warrior,Dragon,warrior_vs_Dragon,30,0,0.0,7.4,0.0
12,warrior,Dragon,warrior_vs_Dragon,30,0,0.0,7.266667,0.0
13,warrior,Dragon,warrior_vs_Dragon,30,0,0.0,7.2,0.0
14,warrior,Dragon,warrior_vs_Dragon,30,0,0.0,7.4,0.0
15,warrior,Dragon,warrior_vs_Dragon,30,0,0.0,7.166667,0.0
16,mage,Goblin,mage_vs_Goblin,30,30,1.0,2.0,10.0
17,mage,Goblin,mage_vs_Goblin,30,30,1.0,2.0,10.0
18,mage,Goblin,mage_vs_Goblin,30,30,1.0,2.0,10.0
19,mage,Goblin,mage_vs_Goblin,30,30,1.0,2.0,10.0
20,mage,Goblin,mage_vs_Goblin,30,30,1.0,2.0,10.0
21,mage,Orc,mage_vs_Orc,30,30,1.0,4.0,25.0
22,mage,Orc,mage_vs_Orc,30,30,1.0,4.0,25.0
23,mage,Orc,mage_vs_Orc,30,30,1.0,4.0,25.0
24,mage,Orc,mage_vs_Orc,30,30,1.0,4.0,25.0
25,mage,Orc,mage_vs_Orc,30,30,1.0,4.0,25.0
26,mage,Dragon,mage_vs_Dragon,30,0,0.0,4.0,0.0
27,mage,Dragon,mage_vs_Dragon,30,0,0.0,4.0,0.0
28,mage,Dragon,mage_vs_Dragon,30,0,0.0,4.0,0.0
29,mage,Dragon,mage_vs_Dragon,30,0,0.0,4.0,0.0
30,mage,Dragon,mage_vs_Dragon,30,0,0.0,4.0,0.0
31,rogue,Goblin,rogue_vs_Goblin,30,30,1.0,2.033333,10.0
32,rogue,Goblin,rogue_vs_Goblin,30,30,1.0,2.066667,10.0
33,rogue,Goblin,rogue_vs_Goblin,30,30,1.0,2.066667,10.0
34,rogue,Goblin,rogue_vs_Goblin,30,30,1.0,2.033333,10.0
35,rogue,Goblin,rogue_vs_Goblin,30,30,1.0,2.033333,10.0
36,rogue,Orc,rogue_vs_Orc,30,30,1.0,4.5,25.0
37,rogue,Orc,rogue_vs_Orc,30,30,1.0,4.7,25.0
38,rogue,Orc,rogue_vs_Orc,30,30,1.0,4.766667,25.0
39,rogue,Orc,rogue_vs_Orc,30,30,1.0,4.7,25.0
40,rogue,Orc,rogue_vs_Orc,30,30,1.0,4.8,25.0
41,rogue,Dragon,rogue_vs_Dragon,30,0,0.0,5.7,0.0
42,rogue,Dragon,rogue_vs_Dragon,30,0,0.0,5.566667,0.0
43,rogue,Dragon,rogue_vs_Dragon,30,0,0.0,5.666667,0.0
44,rogue,Dragon,rogue_vs_Dragon,30,0,0.0,5.466667,0.0
45,rogue,Dragon,rogue_vs_Dragon,30,0,0.0,5.666667,0.0
