battle_id,turn,hero_name,hero_class,monster,action,damage_dealt,damage_taken,hero_hp,monster_hp,result
1,1,Dorn,rogue,Troll,attack,10,12,88,70,ongoing
1,2,Dorn,rogue,Troll,attack,9,16,72,61,ongoing
1,3,Dorn,rogue,Troll,attack,8,14,58,53,ongoing
1,4,Dorn,rogue,Troll,potion,0,12,58,53,ongoing
1,5,Dorn,rogue,Troll,potion,0,15,58,53,ongoing
1,6,Dorn,rogue,Troll,attack,8,12,46,45,ongoing
1,7,Dorn,rogue,Troll,attack,11,14,0,34,loss
2,1,Gwyn,warrior,Goblin,attack,13,6,114,17,ongoing
2,2,Gwyn,warrior,Goblin,attack,13,4,110,4,ongoing
2,3,Gwyn,warrior,Goblin,attack,11,3,107,0,ongoing
2,4,Gwyn,warrior,Goblin,attack,11,2,105,0,win
3,1,Gwyn,rogue,Dragon,attack,2,17,83,118,ongoing
3,2,Gwyn,rogue,Dragon,attack,4,20,63,114,ongoing
3,3,Gwyn,rogue,Dragon,attack,4,19,44,110,ongoing
3,4,Gwyn,rogue,Dragon,attack,2,18,26,108,ongoing
3,5,Gwyn,rogue,Dragon,attack,5,17,9,0,win
4,1,Beorn,warrior,Dragon,attack,5,18,102,115,ongoing
4,2,Beorn,warrior,Dragon,attack,3,18,84,112,ongoing
4,3,Beorn,warrior,Dragon,attack,1,19,65,111,ongoing
4,4,Beorn,warrior,Dragon,attack,1,14,51,110,ongoing
4,5,Beorn,warrior,Dragon,potion,0,18,48,110,ongoing
4,6,Beorn,warrior,Dragon,attack,5,17,31,105,ongoing
4,7,Beorn,warrior,Dragon,attack,1,19,0,104,loss
5,1,Hale,rogue,Orc,attack,12,10,90,38,ongoing
5,2,Hale,rogue,Orc,attack,9,7,83,29,ongoing
5,3,Hale,rogue,Orc,attack,10,9,74,19,ongoing
5,4,Hale,rogue,Orc,attack,8,11,63,11,ongoing
5,5,Hale,rogue,Orc,attack,10,10,53,1,ongoing
5,6,Hale,rogue,Orc,potion,0,9,64,1,ongoing
5,7,Hale,rogue,Orc,attack,8,9,55,0,ongoing
5,8,Hale,rogue,Orc,attack,9,9,0,0,loss
6,1,Hale,warrior,Dragon,attack,2,15,105,118,ongoing
6,2,Hale,warrior,Dragon,potion,0,15,100,118,ongoing
6,3,Hale,warrior,Dragon,potion,0,17,102,118,ongoing
6,4,Hale,warrior,Dragon,attack,4,14,88,114,ongoing
6,5,Hale,warrior,Dragon,attack,1,16,72,113,ongoing
6,6,Hale,warrior,Dragon,attack,1,18,54,112,ongoing
6,7,Hale,warrior,Dragon,attack,2,16,38,110,ongoing
6,8,Hale,warrior,Dragon,attack,5,15,23,0,win
7,1,Eska,mage,Troll,attack,15,13,67,65,ongoing
7,2,Eska,mage,Troll,attack,11,13,54,54,ongoing
7,3,Eska,mage,Troll,attack,11,14,40,43,ongoing
7,4,Eska,mage,Troll,potion,0,12,45,43,ongoing
7,5,Eska,mage,Troll,attack,15,13,0,28,loss
8,1,Finn,rogue,Orc,attack,10,12,88,40,ongoing
8,2,Finn,rogue,Orc,attack,10,8,80,30,ongoing
8,3,Finn,rogue,Orc,attack,9,10,70,21,ongoing
8,4,Finn,rogue,Orc,attack,8,8,62,13,ongoing
8,5,Finn,rogue,Orc,potion,0,9,70,13,ongoing
8,6,Finn,rogue,Orc,attack,11,12,58,0,win
9,1,Ada,mage,Orc,attack,16,8,72,34,ongoing
9,2,Ada,mage,Orc,potion,0,11,80,34,ongoing
9,3,Ada,mage,Orc,attack,16,9,71,18,ongoing
9,4,Ada,mage,Orc,attack,17,8,63,1,ongoing
9,5,Ada,mage,Orc,potion,0,10,72,1,ongoing
9,6,Ada,mage,Orc,attack,17,8,64,0,ongoing
9,7,Ada,mage,Orc,attack,15,10,54,0,ongoing
9,8,Ada,mage,Orc,attack,16,13,0,0,loss
10,1,Beorn,warrior,Dragon,potion,0,14,119,120,ongoing
10,2,Beorn,warrior,Dragon,attack,5,18,101,115,ongoing
10,3,Beorn,warrior,Dragon,potion,0,15,99,115,ongoing
10,4,Beorn,warrior,Dragon,attack,1,19,80,114,ongoing
10,5,Beorn,warrior,Dragon,attack,4,19,0,110,loss
11,1,Dorn,mage,Orc,attack,17,13,67,33,ongoing
11,2,Dorn,mage,Orc,attack,13,8,59,20,ongoing
11,3,Dorn,mage,Orc,attack,16,12,47,0,win
12,1,Ada,mage,Orc,attack,12,8,72,38,ongoing
12,2,Ada,mage,Orc,attack,15,12,60,23,ongoing
12,3,Ada,mage,Orc,attack,16,12,48,7,ongoing
12,4,Ada,mage,Orc,potion,0,10,54,7,ongoing
12,5,Ada,mage,Orc,attack,13,13,41,0,win
13,1,Ada,warrior,Troll,attack,6,12,108,74,ongoing
13,2,Ada,warrior,Troll,attack,5,11,0,69,loss
14,1,Gwyn,rogue,Dragon,attack,7,20,80,113,ongoing
14,2,Gwyn,rogue,Dragon,attack,4,20,60,109,ongoing
14,3,Gwyn,rogue,Dragon,potion,0,17,59,109,ongoing
14,4,Gwyn,rogue,Dragon,attack,5,16,43,104,ongoing
14,5,Gwyn,rogue,Dragon,attack,3,19,24,101,ongoing
14,6,Gwyn,rogue,Dragon,attack,5,18,6,96,ongoing
14,7,Gwyn,rogue,Dragon,attack,4,15,0,92,ongoing
14,8,Gwyn,rogue,Dragon,attack,5,17,0,0,win
15,1,Ada,warrior,Troll,attack,7,11,109,73,ongoing
15,2,Ada,warrior,Troll,attack,6,14,0,67,loss
16,1,Finn,mage,Troll,attack,12,12,68,68,ongoing
16,2,Finn,mage,Troll,attack,11,17,0,57,loss
17,1,Ada,mage,Dragon,attack,9,16,64,111,ongoing
17,2,Ada,mage,Dragon,attack,8,16,0,103,loss
18,1,Dorn,warrior,Dragon,attack,5,15,105,115,ongoing
18,2,Dorn,warrior,Dragon,attack,5,19,86,110,ongoing
18,3,Dorn,warrior,Dragon,attack,2,16,70,108,ongoing
18,4,Dorn,warrior,Dragon,attack,5,15,55,103,ongoing
18,5,Dorn,warrior,Dragon,attack,5,18,37,0,win
19,1,Eska,mage,Orc,attack,14,9,71,36,ongoing
19,2,Eska,mage,Orc,attack,16,8,63,20,ongoing
19,3,Eska,mage,Orc,potion,0,8,65,20,ongoing
19,4,Eska,mage,Orc,attack,15,10,55,5,ongoing
19,5,Eska,mage,Orc,attack,14,12,43,0,ongoing
19,6,Eska,mage,Orc,attack,14,9,0,0,loss
20,1,Finn,mage,Orc,attack,12,11,69,38,ongoing
20,2,Finn,mage,Orc,potion,0,11,69,38,ongoing
20,3,Finn,mage,Orc,attack,12,13,56,26,ongoing
20,4,Finn,mage,Orc,attack,14,11,45,12,ongoing
20,5,Finn,mage,Orc,attack,12,12,33,0,ongoing
20,6,Finn,mage,Orc,attack,17,12,21,0,ongoing
20,7,Finn,mage,Orc,attack,15,13,8,0,ongoing
20,8,Finn,mage,Orc,attack,15,9,0,0,loss
21,1,Ada,mage,Goblin,attack,15,8,72,15,ongoing
21,2,Ada,mage,Goblin,potion,0,6,80,15,ongoing
21,3,Ada,mage,Goblin,attack,19,5,75,0,ongoing
21,4,Ada,mage,Goblin,attack,18,8,67,0,win
22,1,Beorn,warrior,Orc,attack,6,10,110,44,ongoing
22,2,Beorn,warrior,Orc,potion,0,9,115,44,ongoing
22,3,Beorn,warrior,Orc,attack,7,7,108,0,win
23,1,Celia,warrior,Dragon,potion,0,16,115,120,ongoing
23,2,Celia,warrior,Dragon,attack,1,19,96,119,ongoing
23,3,Celia,warrior,Dragon,potion,0,16,90,119,ongoing
23,4,Celia,warrior,Dragon,attack,1,19,71,118,ongoing
23,5,Celia,warrior,Dragon,attack,5,17,54,113,ongoing
23,6,Celia,warrior,Dragon,attack,1,16,38,112,ongoing
23,7,Celia,warrior,Dragon,potion,0,18,35,112,ongoing
23,8,Celia,warrior,Dragon,attack,2,19,0,110,loss
24,1,Gwyn,mage,Orc,attack,16,11,69,34,ongoing
24,2,Gwyn,mage,Orc,attack,13,13,56,21,ongoing
24,3,Gwyn,mage,Orc,attack,17,8,48,4,ongoing
24,4,Gwyn,mage,Orc,attack,15,8,40,0,win
25,1,Gwyn,warrior,Troll,attack,5,11,109,75,ongoing
25,2,Gwyn,warrior,Troll,potion,0,13,116,75,ongoing
25,3,Gwyn,warrior,Troll,attack,7,10,106,68,ongoing
25,4,Gwyn,warrior,Troll,attack,8,11,95,60,ongoing
25,5,Gwyn,warrior,Troll,attack,8,14,81,0,win
26,1,Gwyn,warrior,Troll,attack,8,15,105,72,ongoing
26,2,Gwyn,warrior,Troll,attack,4,11,94,68,ongoing
26,3,Gwyn,warrior,Troll,attack,7,12,82,61,ongoing
26,4,Gwyn,warrior,Troll,attack,8,11,71,53,ongoing
26,5,Gwyn,warrior,Troll,attack,9,15,56,44,ongoing
26,6,Gwyn,warrior,Troll,attack,9,11,45,35,ongoing
26,7,Gwyn,warrior,Troll,attack,5,12,0,30,loss
27,1,Celia,warrior,Dragon,attack,2,17,103,118,ongoing
27,2,Celia,warrior,Dragon,attack,3,19,84,115,ongoing
27,3,Celia,warrior,Dragon,attack,5,14,70,110,ongoing
27,4,Celia,warrior,Dragon,attack,2,17,53,108,ongoing
27,5,Celia,warrior,Dragon,potion,0,14,54,108,ongoing
27,6,Celia,warrior,Dragon,attack,2,14,40,106,ongoing
27,7,Celia,warrior,Dragon,attack,1,14,0,105,loss
28,1,Hale,mage,Troll,attack,14,13,67,66,ongoing
28,2,Hale,mage,Troll,attack,11,16,51,55,ongoing
28,3,Hale,mage,Troll,attack,12,16,35,43,ongoing
28,4,Hale,mage,Troll,potion,0,13,37,43,ongoing
28,5,Hale,mage,Troll,attack,10,13,24,33,ongoing
28,6,Hale,mage,Troll,attack,15,14,10,18,ongoing
28,7,Hale,mage,Troll,attack,12,16,0,6,ongoing
28,8,Hale,mage,Troll,attack,12,17,0,0,win
29,1,Celia,mage,Orc,potion,0,10,80,50,ongoing
29,2,Celia,mage,Orc,attack,13,10,70,0,win
30,1,Celia,warrior,Troll,attack,6,10,110,74,ongoing
30,2,Celia,warrior,Troll,attack,5,15,95,69,ongoing
30,3,Celia,warrior,Troll,potion,0,10,99,69,ongoing
30,4,Celia,warrior,Troll,attack,7,10,89,62,ongoing
30,5,Celia,warrior,Troll,attack,4,13,76,58,ongoing
30,6,Celia,warrior,Troll,attack,7,13,63,0,win
31,1,Finn,rogue,Dragon,attack,6,18,82,114,ongoing
31,2,Finn,rogue,Dragon,attack,7,15,67,0,win
32,1,Gwyn,warrior,Orc,attack,6,10,110,44,ongoing
32,2,Gwyn,warrior,Orc,attack,10,10,100,34,ongoing
32,3,Gwyn,warrior,Orc,attack,11,9,91,23,ongoing
32,4,Gwyn,warrior,Orc,attack,9,6,85,14,ongoing
32,5,Gwyn,warrior,Orc,attack,7,8,77,0,win
33,1,Finn,rogue,Orc,attack,12,12,88,38,ongoing
33,2,Finn,rogue,Orc,attack,10,7,81,28,ongoing
33,3,Finn,rogue,Orc,attack,13,12,69,0,win
34,1,Celia,mage,Goblin,attack,19,8,72,11,ongoing
34,2,Celia,mage,Goblin,attack,14,8,64,0,ongoing
34,3,Celia,mage,Goblin,attack,15,7,57,0,ongoing
34,4,Celia,mage,Goblin,potion,0,7,62,0,ongoing
34,5,Celia,mage,Goblin,attack,17,8,54,0,ongoing
34,6,Celia,mage,Goblin,attack,18,4,50,0,ongoing
34,7,Celia,mage,Goblin,attack,14,8,42,0,win
35,1,Ada,mage,Orc,attack,17,9,71,33,ongoing
35,2,Ada,mage,Orc,attack,14,12,59,19,ongoing
35,3,Ada,mage,Orc,attack,15,13,46,4,ongoing
35,4,Ada,mage,Orc,potion,0,8,58,4,ongoing
35,5,Ada,mage,Orc,attack,15,9,49,0,win
36,1,Dorn,rogue,Orc,attack,12,12,88,38,ongoing
36,2,Dorn,rogue,Orc,potion,0,9,92,38,ongoing
36,3,Dorn,rogue,Orc,attack,11,7,85,27,ongoing
36,4,Dorn,rogue,Orc,potion,0,8,96,27,ongoing
36,5,Dorn,rogue,Orc,attack,9,10,86,18,ongoing
36,6,Dorn,rogue,Orc,attack,11,7,79,7,ongoing
36,7,Dorn,rogue,Orc,attack,13,9,70,0,ongoing
36,8,Dorn,rogue,Orc,attack,8,8,62,0,win
37,1,Finn,mage,Orc,attack,13,10,70,37,ongoing
37,2,Finn,mage,Orc,attack,12,8,62,25,ongoing
37,3,Finn,mage,Orc,potion,0,8,65,25,ongoing
37,4,Finn,mage,Orc,attack,17,13,52,8,ongoing
37,5,Finn,mage,Orc,attack,15,10,42,0,ongoing
37,6,Finn,mage,Orc,attack,17,8,34,0,ongoing
37,7,Finn,mage,Orc,attack,13,13,21,0,ongoing
37,8,Finn,mage,Orc,attack,16,8,13,0,win
38,1,Hale,mage,Troll,attack,12,13,67,68,ongoing
38,2,Hale,mage,Troll,attack,15,14,0,53,loss
39,1,Hale,rogue,Orc,attack,11,10,90,39,ongoing
39,2,Hale,rogue,Orc,attack,10,12,78,29,ongoing
39,3,Hale,rogue,Orc,attack,8,11,67,0,win
40,1,Dorn,warrior,Goblin,attack,12,4,116,18,ongoing
40,2,Dorn,warrior,Goblin,potion,0,5,120,18,ongoing
40,3,Dorn,warrior,Goblin,attack,10,5,115,8,ongoing
40,4,Dorn,warrior,Goblin,attack,10,3,112,0,ongoing
40,5,Dorn,warrior,Goblin,attack,12,7,105,0,win
41,1,Finn,warrior,Orc,attack,10,10,110,40,ongoing
41,2,Finn,warrior,Orc,attack,11,10,100,0,win
42,1,Hale,warrior,Troll,attack,4,15,105,76,ongoing
42,2,Hale,warrior,Troll,attack,5,13,92,71,ongoing
42,3,Hale,warrior,Troll,attack,4,12,80,67,ongoing
42,4,Hale,warrior,Troll,attack,5,13,67,62,ongoing
42,5,Hale,warrior,Troll,potion,0,12,67,62,ongoing
42,6,Hale,warrior,Troll,attack,8,13,54,54,ongoing
42,7,Hale,warrior,Troll,attack,9,12,42,45,ongoing
42,8,Hale,warrior,Troll,attack,8,10,32,0,win
